{
	"parent": "item/handheld",
	"textures": {
		"layer0": "items/diamond_hoe"
	},
	"overrides": [
		{ "predicate": { "damage": 0 }, "model": "item/diamond_hoe" },
		{ "predicate": { "damaged": 0, "damage": 0.037131882202305 }, "model": "custom/items/jerrycan_full" },
		{ "predicate": { "damaged": 0, "damage": 0.037772087067862 }, "model": "custom/items/jerrycan_empty" },
		{ "predicate": { "damaged": 0, "damage": 0.641485275288092 }, "model": "custom/vehicles/sportief_navyblauw" },
		{ "predicate": { "damaged": 0, "damage": 0.642125480153649 }, "model": "custom/vehicles/sedan_navyblauw" },
		{ "predicate": { "damaged": 0, "damage": 0.643405889884763 }, "model": "custom/vehicles/jeep_politie" },
		{ "predicate": { "damaged": 0, "damage": 0.64404609475032 }, "model": "custom/vehicles/hotrod_red" },
		{ "predicate": { "damaged": 0, "damage": 0.645326504481434 }, "model": "custom/vehicles/fiets_man_gray" },
		{ "predicate": { "damaged": 0, "damage": 0.645966709346991 }, "model": "custom/vehicles/hoverboard_white" },
		{ "predicate": { "damaged": 0, "damage": 0.648527528809219 }, "model": "custom/vehicles/motor_gray" },
		{ "predicate": { "damaged": 0, "damage": 0.649807938540333 }, "model": "custom/vehicles/sedan_politie" },
		{ "predicate": { "damaged": 0, "damage": 0.651088348271447 }, "model": "custom/vehicles/sedan_red" },
		{ "predicate": { "damaged": 0, "damage": 0.651728553137004 }, "model": "custom/vehicles/sedan_green" },
		{ "predicate": { "damaged": 0, "damage": 0.652368758002561 }, "model": "custom/vehicles/sedan_gray" },
		{ "predicate": { "damaged": 0, "damage": 0.653008962868118 }, "model": "custom/vehicles/sedan_pink" },
		{ "predicate": { "damaged": 0, "damage": 0.653649167733675 }, "model": "custom/vehicles/sedan_yellow" },
		{ "predicate": { "damaged": 0, "damage": 0.654289372599232 }, "model": "custom/vehicles/sedan_brown" },
		{ "predicate": { "damaged": 0, "damage": 0.654929577464789 }, "model": "custom/vehicles/sedan_sportief_quarts" },
		{ "predicate": { "damaged": 0, "damage": 0.655569782330346 }, "model": "custom/vehicles/sedan_purple" },
		{ "predicate": { "damaged": 0, "damage": 0.656209987195903 }, "model": "custom/vehicles/sedan_sportief_diamond" },
		{ "predicate": { "damaged": 0, "damage": 0.65685019206146 }, "model": "custom/vehicles/sedan_koningsdag" },
		{ "predicate": { "damaged": 0, "damage": 0.657490396927017 }, "model": "custom/vehicles/sedan_sportief_rainbow" },
		{ "predicate": { "damaged": 0, "damage": 0.658130601792574 }, "model": "custom/vehicles/sedan_lesauto" },
		{ "predicate": { "damaged": 0, "damage": 0.658770806658131 }, "model": "custom/vehicles/hoverboard_gold" },
		{ "predicate": { "damaged": 0, "damage": 0.659411011523688 }, "model": "custom/vehicles/hoverboard_orange" },
		{ "predicate": { "damaged": 0, "damage": 0.660051216389245 }, "model": "custom/vehicles/hoverboard_green" },
		{ "predicate": { "damaged": 0, "damage": 0.660691421254802 }, "model": "custom/vehicles/hoverboard_blue" },
		{ "predicate": { "damaged": 0, "damage": 0.661331626120359 }, "model": "custom/vehicles/hoverboard_red" },
		{ "predicate": { "damaged": 0, "damage": 0.661971830985916 }, "model": "custom/vehicles/hoverboard_yellow" },
		{ "predicate": { "damaged": 0, "damage": 0.662612035851472 }, "model": "custom/vehicles/hoverboard_purple" },
		{ "predicate": { "damaged": 0, "damage": 0.663252240717029 }, "model": "custom/vehicles/motor_orange" },
		{ "predicate": { "damaged": 0, "damage": 0.663892445582586 }, "model": "custom/vehicles/motor_green" },
		{ "predicate": { "damaged": 0, "damage": 0.664532650448143 }, "model": "custom/vehicles/motor_blue" },
		{ "predicate": { "damaged": 0, "damage": 0.6651728553137 }, "model": "custom/vehicles/motor_gold" },
		{ "predicate": { "damaged": 0, "damage": 0.665813060179257 }, "model": "custom/vehicles/motor_police" },
		{ "predicate": { "damaged": 0, "damage": 0.666453265044814 }, "model": "custom/vehicles/motor_red" },
		{ "predicate": { "damaged": 0, "damage": 0.667093469910371 }, "model": "custom/vehicles/motor_pink" },
		{ "predicate": { "damaged": 0, "damage": 0.667733674775928 }, "model": "custom/vehicles/fiets_man_green" },
		{ "predicate": { "damaged": 0, "damage": 0.668373879641485 }, "model": "custom/vehicles/fiets_man_brown" },
		{ "predicate": { "damaged": 0, "damage": 0.669014084507042 }, "model": "custom/vehicles/fiets_man_blueblack" },
		{ "predicate": { "damaged": 0, "damage": 0.669654289372599 }, "model": "custom/vehicles/fiets_vrouw_gray" },
		{ "predicate": { "damaged": 0, "damage": 0.670294494238156 }, "model": "custom/vehicles/fiets_vrouw_green" },
		{ "predicate": { "damaged": 0, "damage": 0.670934699103713 }, "model": "custom/vehicles/fiets_vrouw_brown" },
		{ "predicate": { "damaged": 0, "damage": 0.67157490396927 }, "model": "custom/vehicles/fiets_vrouw_blueblack" },
		{ "predicate": { "damaged": 0, "damage": 0.677336747759283 }, "model": "custom/vehicles/wieken_groot" },
		{ "predicate": { "damaged": 0, "damage": 0.67797695262484 }, "model": "custom/vehicles/wieken_klein" },
		{ "predicate": { "damaged": 0, "damage": 0.678617157490397 }, "model": "custom/vehicles/sportief_white" },
		{ "predicate": { "damaged": 0, "damage": 0.679257362355954 }, "model": "custom/vehicles/sportief_pink" },
		{ "predicate": { "damaged": 0, "damage": 0.679897567221511 }, "model": "custom/vehicles/sportief_blackyellow" },
		{ "predicate": { "damaged": 0, "damage": 0.680537772087068 }, "model": "custom/vehicles/sportief_flamered" },
		{ "predicate": { "damaged": 0, "damage": 0.681177976952625 }, "model": "custom/vehicles/sportief_flameblue" },
		{ "predicate": { "damaged": 0, "damage": 0.681818181818182 }, "model": "custom/vehicles/sportief_flamewhite" },
		{ "predicate": { "damaged": 0, "damage": 0.682458386683739 }, "model": "custom/vehicles/sportief_gold" },
		{ "predicate": { "damaged": 0, "damage": 0.683098591549296 }, "model": "custom/vehicles/sportief_emerald" },
		{ "predicate": { "damaged": 0, "damage": 0.683738796414853 }, "model": "custom/vehicles/sportief_orange" },
		{ "predicate": { "damaged": 0, "damage": 0.68437900128041 }, "model": "custom/vehicles/sportief_diamond" },
		{ "predicate": { "damaged": 0, "damage": 0.685019206145967 }, "model": "custom/vehicles/sportief_black" },
		{ "predicate": { "damaged": 0, "damage": 0.685659411011524 }, "model": "custom/vehicles/sedan_sportief_goldv2" },
		{ "predicate": { "damaged": 0, "damage": 0.686939820742638 }, "model": "custom/vehicles/jeep_blue" },
		{ "predicate": { "damaged": 0, "damage": 0.687580025608195 }, "model": "custom/vehicles/jeep_gold" },
		{ "predicate": { "damaged": 0, "damage": 0.688220230473752 }, "model": "custom/vehicles/hotrod_blackyellow" },
		{ "predicate": { "damaged": 0, "damage": 0.697823303457106 }, "model": "custom/vehicles/motor_gray" },
		{ "predicate": { "damaged": 0, "damage": 0.698463508322663 }, "model": "custom/vehicles/motor_gray" },
		{ "predicate": { "damaged": 0, "damage": 0.703585147247119 }, "model": "custom/vehicles/sedan_cars" },
		{ "predicate": { "damaged": 0, "damage": 0.704225352112676 }, "model": "custom/vehicles/sedan_lightning" },
		{ "predicate": { "damaged": 0, "damage": 0.704865556978233 }, "model": "custom/vehicles/sedan_monster" },
		{ "predicate": { "damaged": 0, "damage": 0.709987195902689 }, "model": "custom/vehicles/sedan_babyblue" },
		{ "predicate": { "damaged": 0, "damage": 0.710627400768246 }, "model": "custom/vehicles/sedan_beige" },
		{ "predicate": { "damaged": 0, "damage": 0.711267605633803 }, "model": "custom/vehicles/sedan_black" },
		{ "predicate": { "damaged": 0, "damage": 0.71190781049936 }, "model": "custom/vehicles/sedan_cognac" },
		{ "predicate": { "damaged": 0, "damage": 0.712548015364917 }, "model": "custom/vehicles/sedan_lemonyellow" },
		{ "predicate": { "damaged": 0, "damage": 0.713188220230474 }, "model": "custom/vehicles/sedan_lily" },
		{ "predicate": { "damaged": 0, "damage": 0.713828425096031 }, "model": "custom/vehicles/sedan_sportief_emerald" },
		{ "predicate": { "damaged": 0, "damage": 0.714468629961588 }, "model": "custom/vehicles/sedan_sportief_obsidian" },
		{ "predicate": { "damaged": 0, "damage": 0.715108834827145 }, "model": "custom/vehicles/sedan_zalm" },
		{ "predicate": { "damaged": 0, "damage": 0.717669654289373 }, "model": "custom/vehicles/hovercraft_lime" },
		{ "predicate": { "damaged": 0, "damage": 0.71830985915493 }, "model": "custom/vehicles/hovercraft_white" },
		{ "predicate": { "damaged": 0, "damage": 0.718950064020487 }, "model": "custom/vehicles/hovercraft_gold" },
		{ "predicate": { "damaged": 0, "damage": 0.719590268886044 }, "model": "custom/vehicles/apache_blue" },
		{ "predicate": { "damaged": 0, "damage": 0.7202304737516 }, "model": "custom/vehicles/apache_pink" },
		{ "predicate": { "damaged": 0, "damage": 0.720870678617158 }, "model": "custom/vehicles/apache_green" },
		{ "predicate": { "damaged": 0, "damage": 0.721510883482714 }, "model": "custom/vehicles/apache_brown" },
		{ "predicate": { "damaged": 0, "damage": 0.722151088348272 }, "model": "custom/vehicles/apache_gray" },
		{ "predicate": { "damaged": 0, "damage": 0.722791293213828 }, "model": "custom/vehicles/apache_gold" },
		{ "predicate": { "damaged": 0, "damage": 0.723431498079385 }, "model": "custom/vehicles/apache_red" },
		{ "predicate": { "damaged": 0, "damage": 0.724071702944942 }, "model": "custom/vehicles/apache_upperblue" },
		{ "predicate": { "damaged": 0, "damage": 0.724711907810499 }, "model": "custom/vehicles/suv_blue" },
		{ "predicate": { "damaged": 0, "damage": 0.725352112676056 }, "model": "custom/vehicles/suv_brown" },
		{ "predicate": { "damaged": 0, "damage": 0.725992317541613 }, "model": "custom/vehicles/suv_gold" },
		{ "predicate": { "damaged": 0, "damage": 0.72663252240717 }, "model": "custom/vehicles/suv_green" },
		{ "predicate": { "damaged": 0, "damage": 0.727272727272727 }, "model": "custom/vehicles/suv_pink" },
		{ "predicate": { "damaged": 0, "damage": 0.727912932138284 }, "model": "custom/vehicles/suv_red" },
		{ "predicate": { "damaged": 0, "damage": 0.728553137003841 }, "model": "custom/vehicles/suv_upperblue" },
		{ "predicate": { "damaged": 0, "damage": 0.729193341869398 }, "model": "custom/vehicles/suv_white" },
		{ "predicate": { "damaged": 0, "damage": 0.729833546734955 }, "model": "custom/vehicles/suv_yellow" },
		{ "predicate": { "damaged": 0, "damage": 0.730473751600512 }, "model": "custom/vehicles/suv_black" },
		{ "predicate": { "damaged": 0, "damage": 0.731113956466069 }, "model": "custom/vehicles/apache_black" },
		{ "predicate": { "damaged": 0, "damage": 0.731754161331626 }, "model": "custom/vehicles/fiets_man_bluediamond" },
		{ "predicate": { "damaged": 0, "damage": 0.732394366197183 }, "model": "custom/vehicles/fiets_man_gold" },
		{ "predicate": { "damaged": 0, "damage": 0.73303457106274 }, "model": "custom/vehicles/fiets_man_pink" },
		{ "predicate": { "damaged": 0, "damage": 0.733674775928297 }, "model": "custom/vehicles/fiets_man_red" },
		{ "predicate": { "damaged": 0, "damage": 0.734314980793854 }, "model": "custom/vehicles/fiets_vrouw_bluediamond" },
		{ "predicate": { "damaged": 0, "damage": 0.734955185659411 }, "model": "custom/vehicles/fiets_vrouw_gold" },
		{ "predicate": { "damaged": 0, "damage": 0.735595390524968 }, "model": "custom/vehicles/fiets_vrouw_pink" },
		{ "predicate": { "damaged": 0, "damage": 0.736235595390525 }, "model": "custom/vehicles/fiets_vrouw_red" },
		{ "predicate": { "damaged": 0, "damage": 0.737516005121639 }, "model": "custom/vehicles/hoverboard_babyblue" },
		{ "predicate": { "damaged": 0, "damage": 0.738156209987196 }, "model": "custom/vehicles/hoverboard_goldenglass" },
		{ "predicate": { "damaged": 0, "damage": 0.738796414852753 }, "model": "custom/vehicles/hoverboard_champagne" },
		{ "predicate": { "damaged": 0, "damage": 0.73943661971831 }, "model": "custom/vehicles/hoverboard_desert" },
		{ "predicate": { "damaged": 0, "damage": 0.740076824583867 }, "model": "custom/vehicles/hoverboard_ender" },
		{ "predicate": { "damaged": 0, "damage": 0.740717029449424 }, "model": "custom/vehicles/hoverboard_lemonyellow" },
		{ "predicate": { "damaged": 0, "damage": 0.741357234314981 }, "model": "custom/vehicles/hotrod_gold" },
		{ "predicate": { "damaged": 0, "damage": 0.741997439180538 }, "model": "custom/vehicles/hotrod_blue" },
		{ "predicate": { "damaged": 0, "damage": 0.742637644046095 }, "model": "custom/vehicles/hotrod_orange" },
		{ "predicate": { "damaged": 0, "damage": 0.743277848911652 }, "model": "custom/vehicles/hotrod_black" },
		{ "predicate": { "damaged": 0, "damage": 0.743918053777209 }, "model": "custom/vehicles/hotrod_pink" },
		{ "predicate": { "damaged": 0, "damage": 0.744558258642766 }, "model": "custom/vehicles/hotrod_blackyellow" },
		{ "predicate": { "damaged": 0, "damage": 0.745198463508323 }, "model": "custom/vehicles/hotrod_army" },
		{ "predicate": { "damaged": 0, "damage": 0.74583866837388 }, "model": "custom/vehicles/racecar_black" },
		{ "predicate": { "damaged": 0, "damage": 0.746478873239437 }, "model": "custom/vehicles/racecar_red" },
		{ "predicate": { "damaged": 0, "damage": 0.747119078104994 }, "model": "custom/vehicles/racecar_emerald" },
		{ "predicate": { "damaged": 0, "damage": 0.747759282970551 }, "model": "custom/vehicles/racecar_gold" },
		{ "predicate": { "damaged": 0, "damage": 0.748399487836108 }, "model": "custom/vehicles/racecar_pink" },
		{ "predicate": { "damaged": 0, "damage": 0.749039692701665 }, "model": "custom/vehicles/racecar_diamond" },
		{ "predicate": { "damaged": 0, "damage": 0.749679897567222 }, "model": "custom/vehicles/racecar_orange" },
		{ "predicate": { "damaged": 0, "damage": 0.750320102432779 }, "model": "custom/vehicles/racecar_orangeblack" },
		{ "predicate": { "damaged": 0, "damage": 0.750960307298335 }, "model": "custom/vehicles/sedan_sportief_president" },
		{ "predicate": { "damaged": 0, "damage": 0.751600512163893 }, "model": "custom/vehicles/sedan_sportief_obsidian" },
		{ "predicate": { "damaged": 0, "damage": 0.752240717029449 }, "model": "custom/vehicles/sedan_sportief_gold" },
		{ "predicate": { "damaged": 0, "damage": 0.752880921895006 }, "model": "custom/vehicles/sedan_sportief_1" },
		{ "predicate": { "damaged": 0, "damage": 0.753521126760563 }, "model": "custom/vehicles/sedan_sportief_2" },
		{ "predicate": { "damaged": 0, "damage": 0.75416133162612 }, "model": "custom/vehicles/sedan_sportief_3" },
		{ "predicate": { "damaged": 0, "damage": 0.754801536491677 }, "model": "custom/vehicles/sedan_sportief_4" },
		{ "predicate": { "damaged": 0, "damage": 0.755441741357234 }, "model": "custom/vehicles/apache_pink" },
		{ "predicate": { "damaged": 0, "damage": 0.756081946222791 }, "model": "custom/vehicles/apache_obsidian" },
		{ "predicate": { "damaged": 0, "damage": 0.756722151088348 }, "model": "custom/vehicles/apache_leaves" },
		{ "predicate": { "damaged": 0, "damage": 0.757362355953905 }, "model": "custom/vehicles/apache_orange" },
		{ "predicate": { "damaged": 0, "damage": 0.758002560819462 }, "model": "custom/vehicles/suv_ender" },
		{ "predicate": { "damaged": 0, "damage": 0.758642765685019 }, "model": "custom/vehicles/suv_politie" },
		{ "predicate": { "damaged": 0, "damage": 0.759282970550576 }, "model": "custom/vehicles/racecar_ender" },
		{ "predicate": { "damaged": 0, "damage": 0.759923175416133 }, "model": "custom/vehicles/fiets_vrouw_rainbow" },
		{ "predicate": { "damaged": 0, "damage": 0.76056338028169 }, "model": "custom/vehicles/suv_stars" },
		{ "predicate": { "damaged": 0, "damage": 0.761203585147247 }, "model": "custom/vehicles/sedan_kerst" },
		{ "predicate": { "damaged": 0, "damage": 0.761843790012804 }, "model": "custom/vehicles/sedan_sportief_kerst" },
		{ "predicate": { "damaged": 0, "damage": 0.762483994878361 }, "model": "custom/vehicles/sedan_sportief_lego" },
		{ "predicate": { "damaged": 0, "damage": 0.763124199743918 }, "model": "custom/vehicles/hotrod_valentijn" },
		{ "predicate": { "damaged": 0, "damage": 0.763764404609475 }, "model": "custom/vehicles/racecar_purplefade" },
		{ "predicate": { "damaged": 0, "damage": 0.764404609475032 }, "model": "custom/vehicles/motor_vierjaar" },
		{ "predicate": { "damaged": 0, "damage": 0.765044814340589 }, "model": "custom/vehicles/motor_easter" },
		{ "predicate": { "damaged": 0, "damage": 0.765685019206146 }, "model": "custom/vehicles/sportief_koningsclean" },
		{ "predicate": { "damaged": 0, "damage": 0.766325224071703 }, "model": "custom/vehicles/motor_koningsdag" },
		{ "predicate": { "damaged": 0, "damage": 0.76696542893726 }, "model": "custom/vehicles/suv_cabrio_orangeblack" },
		{ "predicate": { "damaged": 0, "damage": 0.767605633802817 }, "model": "custom/vehicles/fiets_vrouw_king" },
		{ "predicate": { "damaged": 0, "damage": 0.768245838668374 }, "model": "custom/vehicles/fiets_man_king" },
		{ "predicate": { "damaged": 0, "damage": 0.768886043533931 }, "model": "custom/vehicles/hovercraft_orange" },
		{ "predicate": { "damaged": 0, "damage": 0.769526248399488 }, "model": "custom/vehicles/hovercraft_black" },
		{ "predicate": { "damaged": 0, "damage": 0.770166453265045 }, "model": "custom/vehicles/suv_cabrio_redblack" },
		{ "predicate": { "damaged": 0, "damage": 0.770806658130602 }, "model": "custom/vehicles/suv_cabrio_greenwhite" },
		{ "predicate": { "damaged": 0, "damage": 0.771446862996159 }, "model": "custom/items/sneeuwpoppetje" },
		{ "predicate": { "damaged": 0, "damage": 0.772087067861716 }, "model": "custom/items/wandelstok_clean" },
		{ "predicate": { "damaged": 0, "damage": 0.772727272727273 }, "model": "custom/vehicles/suv_cabrio_lightbluewhite" },
		{ "predicate": { "damaged": 0, "damage": 0.77336747759283 }, "model": "custom/vehicles/suv_cabrio_purplewhite" },
		{ "predicate": { "damaged": 0, "damage": 0.774007682458387 }, "model": "custom/vehicles/suv_cabrio_pinkwhite" },
		{ "predicate": { "damaged": 0, "damage": 0.774647887323944 }, "model": "custom/vehicles/racecar_animatedrainbow" },
		{ "predicate": { "damaged": 0, "damage": 0.775288092189501 }, "model": "custom/vehicles/hovercraft_animatedpurpleyellow" },
		{ "predicate": { "damaged": 0, "damage": 0.775928297055058 }, "model": "custom/vehicles/apache_roodze" },
		{ "predicate": { "damaged": 0, "damage": 0.776568501920615 }, "model": "custom/vehicles/apache_bordeaux" },
		{ "predicate": { "damaged": 0, "damage": 0.777208706786172 }, "model": "custom/vehicles/apache_criminalblack" },
		{ "predicate": { "damaged": 0, "damage": 0.777848911651729 }, "model": "custom/vehicles/apache_mint" },
		{ "predicate": { "damaged": 0, "damage": 0.778489116517286 }, "model": "custom/vehicles/sportief_bordeauxclean" },
		{ "predicate": { "damaged": 0, "damage": 0.779129321382843 }, "model": "custom/vehicles/sedan_sportief_babygirl" },
		{ "predicate": { "damaged": 0, "damage": 0.7797695262484 }, "model": "custom/vehicles/sedan_sportief_babyboy" },
		{ "predicate": { "damaged": 0, "damage": 0.780409731113956 }, "model": "custom/vehicles/suv_lime" },
		{ "predicate": { "damaged": 0, "damage": 0.781049935979514 }, "model": "custom/vehicles/suv_criminalblack" },
		{ "predicate": { "damaged": 0, "damage": 0.78169014084507 }, "model": "custom/vehicles/suv_navyblue" },
		{ "predicate": { "damaged": 0, "damage": 0.782330345710627 }, "model": "custom/vehicles/suv_bordeaux" },
		{ "predicate": { "damaged": 0, "damage": 0.782970550576184 }, "model": "custom/vehicles/sportief_flamegreen" },
		{ "predicate": { "damaged": 0, "damage": 0.783610755441741 }, "model": "custom/vehicles/sportief_flamepink" },
		{ "predicate": { "damaged": 0, "damage": 0.784250960307298 }, "model": "custom/vehicles/fiets_man_babyblue" },
		{ "predicate": { "damaged": 0, "damage": 0.784891165172855 }, "model": "custom/vehicles/fiets_vrouw_babygirl" },
		{ "predicate": { "damaged": 0, "damage": 0.785531370038412 }, "model": "custom/vehicles/suv_pokemon" },
		{ "predicate": { "damaged": 0, "damage": 0.786171574903969 }, "model": "custom/vehicles/suv_giraffe" },
		{ "predicate": { "damaged": 0, "damage": 0.786811779769526 }, "model": "custom/vehicles/broomstick" },
		{ "predicate": { "damaged": 0, "damage": 0.787451984635083 }, "model": "custom/vehicles/ufo_vehicle" },
		{ "predicate": { "damaged": 0, "damage": 0.78809218950064 }, "model": "custom/vehicles/ufo_vehicle_orange" },
		{ "predicate": { "damaged": 0, "damage": 0.788732394366197 }, "model": "custom/vehicles/ufo_vehicle_blackgold" },
		{ "predicate": { "damaged": 0, "damage": 0.789372599231754 }, "model": "custom/vehicles/ufo_vehicle_purple" },
		{ "predicate": { "damaged": 0, "damage": 0.790012804097311 }, "model": "custom/vehicles/ufo_vehicle_blue" },
		{ "predicate": { "damaged": 0, "damage": 0.790653008962868 }, "model": "custom/vehicles/ufo_vehicle_black" },
		{ "predicate": { "damaged": 0, "damage": 0.791293213828425 }, "model": "custom/vehicles/broomstick2" },
		{ "predicate": { "damaged": 0, "damage": 0.791933418693982 }, "model": "custom/vehicles/broomstick3" },
		{ "predicate": { "damaged": 0, "damage": 0.792573623559539 }, "model": "custom/vehicles/broomstick4" },
		{ "predicate": { "damaged": 0, "damage": 0.793213828425096 }, "model": "custom/vehicles/broomstick5" },
		{ "predicate": { "damaged": 0, "damage": 0.793854033290653 }, "model": "custom/vehicles/sportief_forest" },
		{ "predicate": { "damaged": 0, "damage": 0.79449423815621 }, "model": "custom/vehicles/sportief_forestclean" },
		{ "predicate": { "damaged": 0, "damage": 0.795134443021767 }, "model": "custom/vehicles/sportief_puppel" },
		{ "predicate": { "damaged": 0, "damage": 0.795774647887324 }, "model": "custom/vehicles/sportief_puppelclean" },
		{ "predicate": { "damaged": 0, "damage": 0.796414852752881 }, "model": "custom/vehicles/sportief_nietrood" },
		{ "predicate": { "damaged": 0, "damage": 0.797055057618438 }, "model": "custom/vehicles/sportief_nietroodclean" },
		{ "predicate": { "damaged": 0, "damage": 0.797695262483995 }, "model": "custom/vehicles/sportief_fakegold" },
		{ "predicate": { "damaged": 0, "damage": 0.798335467349552 }, "model": "custom/vehicles/sportief_fakegoldclean" },
		{ "predicate": { "damaged": 0, "damage": 0.798975672215109 }, "model": "custom/vehicles/sportief_peppa" },
		{ "predicate": { "damaged": 0, "damage": 0.799615877080666 }, "model": "custom/vehicles/sportief_peppaclean" },
		{ "predicate": { "damaged": 0, "damage": 0.8002560819 }, "model": "custom/vehicles/tank_legend_black" },
		{ "predicate": { "damaged": 0, "damage": 0.80089628681 }, "model": "custom/vehicles/tank_legend_camodark" },
		{ "predicate": { "damaged": 0, "damage": 0.80153649167 }, "model": "custom/vehicles/tank_legend_camoforest" },
		{ "predicate": { "damaged": 0, "damage": 0.80217669654 }, "model": "custom/vehicles/tank_legend_camomarine" },
		{ "predicate": { "damaged": 0, "damage": 0.8028169014 }, "model": "custom/vehicles/tank_legend_desert" },
		{ "predicate": { "damaged": 0, "damage": 0.80345710627 }, "model": "custom/vehicles/tank_legend_green" },
		{ "predicate": { "damaged": 0, "damage": 0.80409731114 }, "model": "custom/vehicles/tank_legend_sand" },
		{ "predicate": { "damaged": 0, "damage": 0.804737516 }, "model": "custom/vehicles/raket_legend_black" },
		{ "predicate": { "damaged": 0, "damage": 0.80537772087 }, "model": "custom/vehicles/raket_legend_camodark" },
		{ "predicate": { "damaged": 0, "damage": 0.80601792573 }, "model": "custom/vehicles/raket_legend_camoforest" },
		{ "predicate": { "damaged": 0, "damage": 0.8066581306 }, "model": "custom/vehicles/raket_legend_camomarine" },
		{ "predicate": { "damaged": 0, "damage": 0.80729833546 }, "model": "custom/vehicles/raket_legend_desert" },
		{ "predicate": { "damaged": 0, "damage": 0.80793854033 }, "model": "custom/vehicles/raket_legend_green" },
		{ "predicate": { "damaged": 0, "damage": 0.80857874519 }, "model": "custom/vehicles/raket_legend_sand" },
		{ "predicate": { "damaged": 1 }, "model": "item/diamond_hoe" }
	]
}
